Src,Species,Duration,Bitrate ,Sampling Rate,Channels
https://www.xeno-canto.org/sounds/uploaded/VCROLXMVLX/emcit.mp3,Emberiza citrinella,180 s,bitrate: 128000 bps, audio sampling rate: 48000 Hz, number of channels: 1
https://www.xeno-canto.org/sounds/uploaded/WMQCDQHXRZ/Yellowhammer.mp3,Emberiza citrinella,25 s,bitrate: 320000 bps, audio sampling rate: 44100 Hz, number of channels: 2
https://www.xeno-canto.org/sounds/uploaded/AXTFCLIYDF/es0417%20mp3.mp3,Emberiza citrinella,19 s,bitrate: 320000 bps, audio sampling rate: 48000 Hz, number of channels: 2
https://www.xeno-canto.org/sounds/uploaded/KLADBSYAFL/186%20Emberiza%20citrinella%2C%20Le%20Sappey%2C%20Les%20Sagnes%20%28France%29%2013-06-11.mp3,Emberiza citrinella,26 s,bitrate: 128000 bps, audio sampling rate: 44100 Hz, number of channels: 2
https://www.xeno-canto.org/sounds/uploaded/KLADBSYAFL/185%20Emberiza%20citrinella%2C%20Le%20Sappey%2C%20Les%20Sagnes%20swamp%20%28France%29%2C%2013-06-11.mp3,Emberiza citrinella,48 s,bitrate: 128000 bps, audio sampling rate: 44100 Hz, number of channels: 2
https://www.xeno-canto.org/sounds/uploaded/RKAYEOOLQW/110918_07_Yellowhammer_Bjorn_N5.mp3,Emberiza citrinella,33 s,bitrate: 192000 bps, audio sampling rate: 44100 Hz, number of channels: 2
https://www.xeno-canto.org/sounds/uploaded/RKAYEOOLQW/110825_05_Yellowhammer-calls_Hoburgen_N4%20-%20Copy.mp3,Emberiza citrinella,40 s,bitrate: 128000 bps, audio sampling rate: 44100 Hz, number of channels: 2
https://www.xeno-canto.org/sounds/uploaded/KCUQSGGVJD/goldammer.mp3,Emberiza citrinella,15 s,bitrate: 128000 bps, audio sampling rate: 48000 Hz, number of channels: 2
https://www.xeno-canto.org/sounds/uploaded/BPSDQEOJWG/Gulsparv-song-On-Oasjon-Tibro-2011-03-26-06.37-01.52.mp3,Emberiza citrinella,113 s,bitrate: 128000 bps, audio sampling rate: 44100 Hz, number of channels: 2
https://www.xeno-canto.org/sounds/uploaded/RKAYEOOLQW/100923_01_Yellowhammer_Mindelsee.mp3,Emberiza citrinella,17 s,bitrate: 192000 bps, audio sampling rate: 44100 Hz, number of channels: 2
https://www.xeno-canto.org/sounds/uploaded/RKAYEOOLQW/110630_03_Yellowhammer_Nasten.mp3,Emberiza citrinella,52 s,bitrate: 128000 bps, audio sampling rate: 44100 Hz, number of channels: 2
https://www.xeno-canto.org/sounds/uploaded/HBPYQXTJEV/Take524_2011_05_14_Goldammer_Kirschgartshausen_9Uhr.mp3,Emberiza citrinella,46 s,bitrate: 128000 bps, audio sampling rate: 44100 Hz, number of channels: 2
https://www.xeno-canto.org/sounds/uploaded/YTUXOCTUEM/Yellowhammer-FL%20male%20song%20Musten%20Lancs%20UK%2019Mar2011%20R09_%20%2812%29.mp3,Emberiza citrinella,38 s,bitrate: 192000 bps, audio sampling rate: 44100 Hz, number of channels: 2
https://www.xeno-canto.org/sounds/uploaded/PWDLINYMKL/Yellowhammer.mp3,Emberiza citrinella,33 s,bitrate: 128000 bps, audio sampling rate: 44100 Hz, number of channels: 2
https://www.xeno-canto.org/sounds/uploaded/KLADBSYAFL/9%20Bruant%20jaune%20%282%29%2C%20collines%20de%20Tokaj%2C%2012%20mai%202010.mp3,Emberiza citrinella,40 s,bitrate: 128000 bps, audio sampling rate: 44100 Hz, number of channels: 2
https://www.xeno-canto.org/sounds/uploaded/HBPYQXTJEV/Take367GoldammerViernheimerH2011_04_17_9Uhr.mp3,Emberiza citrinella,21 s,bitrate: 128000 bps, audio sampling rate: 44100 Hz, number of channels: 2
https://www.xeno-canto.org/sounds/uploaded/EJIITXAJNY/XC597660-Geelgors%20201022%20Kalmthoutse%20heide.mp3,Emberiza citrinella,14 s,bitrate: 170887 bps, audio sampling rate: 44100 Hz, number of channels: 2
https://www.xeno-canto.org/sounds/uploaded/ZNHUUXHXZS/XC597614-embcit_202010_23_24_yom_0444.mp3,Emberiza citrinella,11 s,bitrate: 255719 bps, audio sampling rate: 44100 Hz, number of channels: 2
https://www.xeno-canto.org/sounds/uploaded/XDCPMYMSWN/XC597485-EMBCIT2020-10-10-1500-m.mp3,Emberiza citrinella,73 s,bitrate: 152160 bps, audio sampling rate: 48000 Hz, number of channels: 2
https://www.xeno-canto.org/sounds/uploaded/NCQLGWLDIK/XC597047-Geelgorsman%2022-10-2020.mp3,Emberiza citrinella,12 s,bitrate: 320000 bps, audio sampling rate: 44100 Hz, number of channels: 2
https://www.xeno-canto.org/sounds/uploaded/HLDLDQFJEA/XC596864-Bruant_jaune_chant_7%C3%A8me_rencl%C3%B4ture_10h20_07_04_2020_for_XC.mp3,Emberiza citrinella,4 s,bitrate: 184068 bps, audio sampling rate: 44100 Hz, number of channels: 2
https://www.xeno-canto.org/sounds/uploaded/VCROLXMVLX/XC596773-unknown_siemka1_siemianowka_podlaskie_2020.10.17_0625.mp3,Emberiza citrinella,26 s,bitrate: 320000 bps, audio sampling rate: 44100 Hz, number of channels: 2
https://www.xeno-canto.org/sounds/uploaded/MMEJYLOPDO/XC596542-Gulsparv_18.mp3,Emberiza citrinella,18 s,bitrate: 196059 bps, audio sampling rate: 48000 Hz, number of channels: 2
https://www.xeno-canto.org/sounds/uploaded/ZNHUUXHXZS/XC596470-embcit_202010_18_19_yom_0231.mp3,Emberiza citrinella,10 s,bitrate: 255719 bps, audio sampling rate: 44100 Hz, number of channels: 2
https://www.xeno-canto.org/sounds/uploaded/RWHGTWZNPX/XC596319-E.citrinella-c_poland_psz_8.05_191020-7996.mp3,Emberiza citrinella,13 s,bitrate: 320000 bps, audio sampling rate: 44100 Hz, number of channels: 2
https://www.xeno-canto.org/sounds/uploaded/RWHGTWZNPX/XC596317-E.citrinella-begg_poland_psz_9.25_200921-8626.mp3,Emberiza citrinella,42 s,bitrate: 320000 bps, audio sampling rate: 44100 Hz, number of channels: 2
https://www.xeno-canto.org/sounds/uploaded/TQLBVDPAVX/XC596189-29_29_11_Emberiza_citrinella_9.mp3,Emberiza citrinella,18 s,bitrate: 305916 bps, audio sampling rate: 48000 Hz, number of channels: 2
https://www.xeno-canto.org/sounds/uploaded/XLUZZZGMXU/XC596173-16-10-2020%20geelgors.mp3,Emberiza citrinella,16 s,bitrate: 128000 bps, audio sampling rate: 44100 Hz, number of channels: 2
https://www.xeno-canto.org/sounds/uploaded/UGKDXJQJTC/XC596135-201018_0570a.mp3,Emberiza citrinella,20 s,bitrate: 172014 bps, audio sampling rate: 48000 Hz, number of channels: 2
https://www.xeno-canto.org/sounds/uploaded/CLGVFSSVAA/XC595781-guspa201017_0437.mp3,Emberiza citrinella,3 s,bitrate: 320000 bps, audio sampling rate: 44100 Hz, number of channels: 2
https://www.xeno-canto.org/sounds/uploaded/YNSNJEQGDT/XC595578-Yellowhammer%2011-09-20.mp3,Emberiza citrinella,8 s,bitrate: 87073 bps, audio sampling rate: 44100 Hz, number of channels: 1
https://www.xeno-canto.org/sounds/uploaded/TQLBVDPAVX/XC595190-30_41_15_Emberiza_citrinella_1.mp3,Emberiza citrinella,4 s,bitrate: 299027 bps, audio sampling rate: 48000 Hz, number of channels: 2
https://www.xeno-canto.org/sounds/uploaded/SLCZHJNDSI/XC595029-Bruant%20jaune%20%282%29.mp3,Emberiza citrinella,3 s,bitrate: 213373 bps, audio sampling rate: 44100 Hz, number of channels: 2
https://www.xeno-canto.org/sounds/uploaded/XDCPMYMSWN/XC594769-EMBCIT2020-09-25-1230-m.mp3,Emberiza citrinella,110 s,bitrate: 143277 bps, audio sampling rate: 48000 Hz, number of channels: 2
https://www.xeno-canto.org/sounds/uploaded/RWHGTWZNPX/XC594739-Embcitrinella-m-c_poland_psz_9.00_200921-8620.mp3,Emberiza citrinella,33 s,bitrate: 320000 bps, audio sampling rate: 44100 Hz, number of channels: 2
https://www.xeno-canto.org/sounds/uploaded/SDPCHKOHRH/XC594160-Bruant%20jaune%20cri%20descendant%20migr.mp3,Emberiza citrinella,14 s,bitrate: 320000 bps, audio sampling rate: 48000 Hz, number of channels: 2
https://www.xeno-canto.org/sounds/uploaded/AXTFCLIYDF/XC593377-555590-%C3%B6-07amm-modula-high.mp3,Emberiza citrinella,224 s,bitrate: 316960 bps, audio sampling rate: 44100 Hz, number of channels: 2
https://www.xeno-canto.org/sounds/uploaded/AXTFCLIYDF/XC593376-555590-%C3%B6-06.mp3,Emberiza citrinella,43 s,bitrate: 319803 bps, audio sampling rate: 44100 Hz, number of channels: 2
https://www.xeno-canto.org/sounds/uploaded/AXTFCLIYDF/XC593374-555590-%C3%B6-05ann-highXX-3%2C43.mp3,Emberiza citrinella,322 s,bitrate: 319735 bps, audio sampling rate: 44100 Hz, number of channels: 2
https://www.xeno-canto.org/sounds/uploaded/AXTFCLIYDF/XC593373-555590-%C3%B6-04fligh-high.mp3,Emberiza citrinella,52 s,bitrate: 319790 bps, audio sampling rate: 44100 Hz, number of channels: 2
https://www.xeno-canto.org/sounds/uploaded/AXTFCLIYDF/XC593372-555590-%C3%B6-03amm-high.mp3,Emberiza citrinella,69 s,bitrate: 319665 bps, audio sampling rate: 44100 Hz, number of channels: 2
https://www.xeno-canto.org/sounds/uploaded/OTVUCEGYZN/XC593059-Geelgors%20zang%20Meinweg%20300593.mp3,Emberiza citrinella,65 s,bitrate: 127092 bps, audio sampling rate: 44100 Hz, number of channels: 2
https://www.xeno-canto.org/sounds/uploaded/ZNHUUXHXZS/XC592933-embcit_202010_02_03_yom_0351.mp3,Emberiza citrinella,11 s,bitrate: 255572 bps, audio sampling rate: 44100 Hz, number of channels: 2
https://www.xeno-canto.org/sounds/uploaded/RLRHCUIPIY/XC592738-trznadel%20%C5%BBwak%C3%B3w%204.10.2020%20%20%20%2017.16.mp3,Emberiza citrinella,24 s,bitrate: 320000 bps, audio sampling rate: 48000 Hz, number of channels: 2
https://www.xeno-canto.org/sounds/uploaded/VOLIQOYWKG/XC591360-180503_03_11.11h_geelgors_grutto_%20belarus%20turov_%20%282%29.mp3,Emberiza citrinella,94 s,bitrate: 128000 bps, audio sampling rate: 44100 Hz, number of channels: 1
https://www.xeno-canto.org/sounds/uploaded/AXTFCLIYDF/XC590211-poleAY31750mp3%20%2822%29.mp3,Emberiza citrinella,58 s,bitrate: 319782 bps, audio sampling rate: 44100 Hz, number of channels: 2
https://www.xeno-canto.org/sounds/uploaded/AXTFCLIYDF/XC590203-poleAY31750mp3%20%2814%29.mp3,Emberiza citrinella,12 s,bitrate: 320008 bps, audio sampling rate: 44100 Hz, number of channels: 2
https://www.xeno-canto.org/sounds/uploaded/AXTFCLIYDF/XC590179-poleAY31750mp3%20%281%29.mp3,Emberiza citrinella,40 s,bitrate: 319809 bps, audio sampling rate: 44100 Hz, number of channels: 2
https://www.xeno-canto.org/sounds/uploaded/SLCZHJNDSI/XC589563-Bruant%20jaune%20%281%29.mp3,Emberiza citrinella,3 s,bitrate: 150387 bps, audio sampling rate: 44100 Hz, number of channels: 2
https://www.xeno-canto.org/sounds/uploaded/SDPCHKOHRH/XC589279-Bruant%20jaune%20cris%20de%20vol%20en%20buzz%20et%20autres%20%2B.mp3,Emberiza citrinella,32 s,bitrate: 320000 bps, audio sampling rate: 48000 Hz, number of channels: 2
https://www.xeno-canto.org/sounds/uploaded/RKAYEOOLQW/110511_06b_TreeSparrow_Faxan.mp3,Passer montanus,4 s,bitrate: 128000 bps, audio sampling rate: 44100 Hz, number of channels: 2
https://www.xeno-canto.org/sounds/uploaded/XTVEPHMPPJ/Passer_montanus.55.315_12.316_23m_Stevns4Jun2011.1300hrs.chirping_flock.mp3,Passer montanus,77 s,bitrate: 128000 bps, audio sampling rate: 44100 Hz, number of channels: 1
https://www.xeno-canto.org/sounds/uploaded/OXSIOLJJUP/LS110014%20Tree%20sparrow%20Chiang%20Mai%20with%20Common%20Myna.mp3,Passer montanus,5 s,bitrate: 128000 bps, audio sampling rate: 44100 Hz, number of channels: 2
https://www.xeno-canto.org/sounds/uploaded/PNYKOPBQBQ/PMON18h21m33s09apr2011%20%282%29.mp3,Passer montanus,21 s,bitrate: 192000 bps, audio sampling rate: 48000 Hz, number of channels: 2
https://www.xeno-canto.org/sounds/uploaded/WMCVMVFULW/20110319_Eurasian_Tree_Sparrow_03.mp3,Passer montanus,19 s,bitrate: 192000 bps, audio sampling rate: 44100 Hz, number of channels: 2
https://www.xeno-canto.org/sounds/uploaded/WMCVMVFULW/20110319_Eurasian_Tree_Sparrow_02_duetlike.mp3,Passer montanus,32 s,bitrate: 192000 bps, audio sampling rate: 44100 Hz, number of channels: 2
https://www.xeno-canto.org/sounds/uploaded/WMCVMVFULW/20110319_Eurasian_Tree_Sparrow_1.mp3,Passer montanus,27 s,bitrate: 192000 bps, audio sampling rate: 44100 Hz, number of channels: 2
https://www.xeno-canto.org/sounds/uploaded/YTUXOCTUEM/Passer_montanus_Mindanao-6Dec09-FRL_PH_R09.0013_0-32_C.mp3,Passer montanus,33 s,bitrate: 128000 bps, audio sampling rate: 48000 Hz, number of channels: 2
https://www.xeno-canto.org/sounds/uploaded/WOEAFQRMUD/Passer%20montanus%20June86.mp3,Passer montanus,26 s,bitrate: 128000 bps, audio sampling rate: 44100 Hz, number of channels: 1
https://www.xeno-canto.org/sounds/uploaded/EUHNGQTHJS/Sparrow%2CTree-101130-006.mp3,Passer montanus,18 s,bitrate: 128000 bps, audio sampling rate: 44100 Hz, number of channels: 2
https://www.xeno-canto.org/sounds/uploaded/LKXIRZNJXF/XC596079-201011_1542_EurasianTreeSparrow_11h15_fc.mp3,Passer montanus,4 s,bitrate: 320000 bps, audio sampling rate: 48000 Hz, number of channels: 2
https://www.xeno-canto.org/sounds/uploaded/LKXIRZNJXF/XC595881-201011_1552_EurasianTreeSparrow_12h23.mp3,Passer montanus,8 s,bitrate: 320000 bps, audio sampling rate: 48000 Hz, number of channels: 2
https://www.xeno-canto.org/sounds/uploaded/FFFADKCCII/XC595176-Tsp-7806D37b.mp3,Passer montanus,67 s,bitrate: 256000 bps, audio sampling rate: 48000 Hz, number of channels: 1
https://www.xeno-canto.org/sounds/uploaded/LKXIRZNJXF/XC594440-201011_1513_EurasianTreeSparrow_10h08_fc.mp3,Passer montanus,18 s,bitrate: 320000 bps, audio sampling rate: 48000 Hz, number of channels: 2
https://www.xeno-canto.org/sounds/uploaded/LKXIRZNJXF/XC594392-201011_1495_EurasianTreeSparrow_8h41.mp3,Passer montanus,1 s,bitrate: 320000 bps, audio sampling rate: 48000 Hz, number of channels: 2
https://www.xeno-canto.org/sounds/uploaded/SPMWIWZKKC/XC594272-200929_2827_ETSP.mp3,Passer montanus,76 s,bitrate: 320000 bps, audio sampling rate: 48000 Hz, number of channels: 2
https://www.xeno-canto.org/sounds/uploaded/SPMWIWZKKC/XC594271-200929_2826_ETSP.mp3,Passer montanus,89 s,bitrate: 320000 bps, audio sampling rate: 48000 Hz, number of channels: 2
https://www.xeno-canto.org/sounds/uploaded/AXTFCLIYDF/XC593075-residPol36929mp3%20%284%29.mp3,Passer montanus,22 s,bitrate: 319875 bps, audio sampling rate: 44100 Hz, number of channels: 2
https://www.xeno-canto.org/sounds/uploaded/AXTFCLIYDF/XC593070-residPol36929mp3%20%281%29.mp3,Passer montanus,495 s,bitrate: 319717 bps, audio sampling rate: 44100 Hz, number of channels: 2
https://www.xeno-canto.org/sounds/uploaded/OTVUCEGYZN/XC591502-Ringmus%20roep%20NHD%20120820.mp3,Passer montanus,4 s,bitrate: 137642 bps, audio sampling rate: 44100 Hz, number of channels: 2
https://www.xeno-canto.org/sounds/uploaded/AXTFCLIYDF/XC590206-poleAY31750mp3%20%2816%29.mp3,Passer montanus,31 s,bitrate: 319592 bps, audio sampling rate: 44100 Hz, number of channels: 2
https://www.xeno-canto.org/sounds/uploaded/AXTFCLIYDF/XC586630-cuTela1ALLfeedii36749mp3%20%285%29.mp3,Passer montanus,7 s,bitrate: 320202 bps, audio sampling rate: 44100 Hz, number of channels: 2
https://www.xeno-canto.org/sounds/uploaded/GWHQFOGHOO/XC585888-Passer%20montanus%20-%20Rydzyna%2031.08.2020%2013.36.mp3,Passer montanus,430 s,bitrate: 320000 bps, audio sampling rate: 48000 Hz, number of channels: 2
https://www.xeno-canto.org/sounds/uploaded/BINTKORPTA/XC585861-2600%209.mp3,Passer montanus,43 s,bitrate: 128071 bps, audio sampling rate: 48000 Hz, number of channels: 1
https://www.xeno-canto.org/sounds/uploaded/JXZFXAZWHY/XC585842-ZOOM0001.mp3,Passer montanus,409 s,bitrate: 320000 bps, audio sampling rate: 48000 Hz, number of channels: 2
https://www.xeno-canto.org/sounds/uploaded/EJIITXAJNY/XC583682-Ringmus%20200412%20Essen%20hoek.mp3,Passer montanus,67 s,bitrate: 150113 bps, audio sampling rate: 44100 Hz, number of channels: 2
https://www.xeno-canto.org/sounds/uploaded/EJIITXAJNY/XC583681-Ringmus%20200412%20Essen%20hoek%20bis.mp3,Passer montanus,14 s,bitrate: 149526 bps, audio sampling rate: 44100 Hz, number of channels: 2
https://www.xeno-canto.org/sounds/uploaded/JXZFXAZWHY/XC582759-mietkow2.bez%20nazwy.mp3,Passer montanus,22 s,bitrate: 320000 bps, audio sampling rate: 44100 Hz, number of channels: 2
https://www.xeno-canto.org/sounds/uploaded/JXZFXAZWHY/XC582608-roszkowo.bez%20nazwy.mp3,Passer montanus,47 s,bitrate: 320000 bps, audio sampling rate: 44100 Hz, number of channels: 1
https://www.xeno-canto.org/sounds/uploaded/RFRTVEHIZX/XC582307-200721_EurasianTreeSparrow_call_PortmoreLough_OC.mp3,Passer montanus,66 s,bitrate: 174777 bps, audio sampling rate: 44100 Hz, number of channels: 2
https://www.xeno-canto.org/sounds/uploaded/RLRHCUIPIY/XC581800-mazurek%20Mietk%C3%B3w%2010.08.2020%20%20%2014.50.mp3,Passer montanus,25 s,bitrate: 320000 bps, audio sampling rate: 48000 Hz, number of channels: 2
https://www.xeno-canto.org/sounds/uploaded/POVKNQVSGU/XC581522-Passer%20montanus_call_09_08_20_Alvarenga%20%28online-audio-converter.com%29.mp3,Passer montanus,83 s,bitrate: 128040 bps, audio sampling rate: 44100 Hz, number of channels: 2
https://www.xeno-canto.org/sounds/uploaded/HNYFHZLJOD/XC580461-200802-TS%20clip.mp3,Passer montanus,4 s,bitrate: 192000 bps, audio sampling rate: 44100 Hz, number of channels: 2
https://www.xeno-canto.org/sounds/uploaded/SDPCHKOHRH/XC578968-Moineau%20friquet%20cris.mp3,Passer montanus,58 s,bitrate: 320000 bps, audio sampling rate: 48000 Hz, number of channels: 1
https://www.xeno-canto.org/sounds/uploaded/ZPYEHLWXXX/XC576636-Sparrow%2C%20Eurasian%20Tree_2018-05-11_1153_Japan_Aichi_HujimaeHigata.mp3,Passer montanus,119 s,bitrate: 184439 bps, audio sampling rate: 44100 Hz, number of channels: 2
https://www.xeno-canto.org/sounds/uploaded/SDPCHKOHRH/XC575737-Moineau%20friquet%20deux%20types%20de%20cris%20en%20vol.mp3,Passer montanus,4 s,bitrate: 134632 bps, audio sampling rate: 48000 Hz, number of channels: 1
https://www.xeno-canto.org/sounds/uploaded/SDPCHKOHRH/XC575736-Moineau%20friquet%20cris%20de%20vol%20en%20tak%20%2B.mp3,Passer montanus,4 s,bitrate: 132444 bps, audio sampling rate: 48000 Hz, number of channels: 1
https://www.xeno-canto.org/sounds/uploaded/SDPCHKOHRH/XC575735-Moineau%20friquet%20cri%20dux%20en%20vol.mp3,Passer montanus,2 s,bitrate: 132923 bps, audio sampling rate: 48000 Hz, number of channels: 1
https://www.xeno-canto.org/sounds/uploaded/SDPCHKOHRH/XC575734-Moineau%20friquet%20cri%20de%20vol.mp3,Passer montanus,5 s,bitrate: 134218 bps, audio sampling rate: 48000 Hz, number of channels: 1
https://www.xeno-canto.org/sounds/uploaded/SDPCHKOHRH/XC575423-Moineau%20friquet%20vol.mp3,Passer montanus,5 s,bitrate: 141453 bps, audio sampling rate: 48000 Hz, number of channels: 1
https://www.xeno-canto.org/sounds/uploaded/OYTNBFPPSB/XC574536-Gorri%C3%B3n%20molinero%20call%2C%2008_24.mp3,Passer montanus,15 s,bitrate: 320558 bps, audio sampling rate: 44100 Hz, number of channels: 2
https://www.xeno-canto.org/sounds/uploaded/PNYKOPBQBQ/XC573622-PASMON010720-T015%20%282%29.mp3,Passer montanus,146 s,bitrate: 128000 bps, audio sampling rate: 48000 Hz, number of channels: 2
https://www.xeno-canto.org/sounds/uploaded/TFOGOENSTQ/XC572998-200626_2481%201216%20Feldsperling.%20D%2C%20B%2C%20Eiskeller.%20Stephan%20Risch.mp3,Passer montanus,23 s,bitrate: 128000 bps, audio sampling rate: 32000 Hz, number of channels: 1
https://www.xeno-canto.org/sounds/uploaded/UFQLADIZVY/XC571701-20200626_treesparrowbulbulD.mp3,Passer montanus,38 s,bitrate: 320000 bps, audio sampling rate: 44100 Hz, number of channels: 1
https://www.xeno-canto.org/sounds/uploaded/OYTNBFPPSB/XC568377-Gorri%C3%B3n%20molinero%20call%2C%2007_48.mp3,Passer montanus,38 s,bitrate: 320221 bps, audio sampling rate: 44100 Hz, number of channels: 2
https://www.xeno-canto.org/sounds/uploaded/OYTNBFPPSB/XC568375-Gorri%C3%B3n%20molinero%20call%2C%2007_05.mp3,Passer montanus,69 s,bitrate: 320122 bps, audio sampling rate: 44100 Hz, number of channels: 2
https://www.xeno-canto.org/sounds/uploaded/OYTNBFPPSB/XC568374-Gorri%C3%B3n%20molinero%20call%2C%2006_45.mp3,Passer montanus,34 s,bitrate: 320247 bps, audio sampling rate: 44100 Hz, number of channels: 2
https://www.xeno-canto.org/sounds/uploaded/OYTNBFPPSB/XC568373-Gorri%C3%B3n%20molinero%20call%20trino%2C%2008_37.mp3,Passer montanus,7 s,bitrate: 321130 bps, audio sampling rate: 44100 Hz, number of channels: 2
https://www.xeno-canto.org/sounds/uploaded/OYTNBFPPSB/XC568372-Gorri%C3%B3n%20molinero%20call%20%2B%2B%2B%2C%2008_06.mp3,Passer montanus,47 s,bitrate: 320178 bps, audio sampling rate: 44100 Hz, number of channels: 2
https://www.xeno-canto.org/sounds/uploaded/OYTNBFPPSB/XC568370-Gorri%C3%B3n%20molinero%203%20tipos%20de%20call%2C%2007_20.mp3,Passer montanus,26 s,bitrate: 320321 bps, audio sampling rate: 44100 Hz, number of channels: 2
https://www.xeno-canto.org/sounds/uploaded/VCROLXMVLX/frcoe.mp3,Fringilla coelebs,185 s,bitrate: 128000 bps, audio sampling rate: 48000 Hz, number of channels: 1
https://www.xeno-canto.org/sounds/uploaded/AXTFCLIYDF/1873%20mp3.mp3,Fringilla coelebs,39 s,bitrate: 320000 bps, audio sampling rate: 48000 Hz, number of channels: 2
https://www.xeno-canto.org/sounds/uploaded/WYRGBDXALK/Pinson%20des%20arbres.mp3,Fringilla coelebs,11 s,bitrate: 157212 bps, audio sampling rate: 48000 Hz, number of channels: 2
https://www.xeno-canto.org/sounds/uploaded/HBPYQXTJEV/2012_04_07_Fringilla-coelebs-Viernh-Heide_07Uhr10.mp3,Fringilla coelebs,21 s,bitrate: 128000 bps, audio sampling rate: 44100 Hz, number of channels: 2
https://www.xeno-canto.org/sounds/uploaded/RKAYEOOLQW/120324_26b_Chaffinch-call_Nyckelmyren_W5N5.mp3,Fringilla coelebs,101 s,bitrate: 192000 bps, audio sampling rate: 44100 Hz, number of channels: 2
https://www.xeno-canto.org/sounds/uploaded/HBPYQXTJEV/2012_04_01_Fringilla-coelebs-Viernh-Heide_12Uhr07.mp3,Fringilla coelebs,34 s,bitrate: 128000 bps, audio sampling rate: 44100 Hz, number of channels: 2
https://www.xeno-canto.org/sounds/uploaded/HBPYQXTJEV/2012_03_31_Fringilla_coelebs_Collinistr_13Uhr42.mp3,Fringilla coelebs,167 s,bitrate: 128000 bps, audio sampling rate: 44100 Hz, number of channels: 2
https://www.xeno-canto.org/sounds/uploaded/HBPYQXTJEV/2012_03_31_Fringilla_coelebs_Collinistr_10Uhr51.mp3,Fringilla coelebs,51 s,bitrate: 128000 bps, audio sampling rate: 44100 Hz, number of channels: 2
https://www.xeno-canto.org/sounds/uploaded/HBPYQXTJEV/2012_03_31_Fringilla_coelebs_Collinistr_10Uhr24.mp3,Fringilla coelebs,45 s,bitrate: 128000 bps, audio sampling rate: 44100 Hz, number of channels: 2
https://www.xeno-canto.org/sounds/uploaded/HBPYQXTJEV/2012_03_31_Fringilla_coelebs_Collinistr_05Uhr30.mp3,Fringilla coelebs,148 s,bitrate: 128000 bps, audio sampling rate: 44100 Hz, number of channels: 2
https://www.xeno-canto.org/sounds/uploaded/HBPYQXTJEV/2012_03_29_Fringilla_coelebs_Collinistr_06Uhr39.mp3,Fringilla coelebs,57 s,bitrate: 128000 bps, audio sampling rate: 44100 Hz, number of channels: 2
https://www.xeno-canto.org/sounds/uploaded/PNYKOPBQBQ/FCOE08h51m55s17mar2012.mp3,Fringilla coelebs,123 s,bitrate: 128000 bps, audio sampling rate: 48000 Hz, number of channels: 2
https://www.xeno-canto.org/sounds/uploaded/AXTFCLIYDF/1745%20mp3.mp3,Fringilla coelebs,81 s,bitrate: 256000 bps, audio sampling rate: 48000 Hz, number of channels: 2
https://www.xeno-canto.org/sounds/uploaded/HBPYQXTJEV/2012_03_19_Fringilla_coelebs_Collinistr_08Uhr.mp3,Fringilla coelebs,20 s,bitrate: 128000 bps, audio sampling rate: 44100 Hz, number of channels: 2
https://www.xeno-canto.org/sounds/uploaded/HBPYQXTJEV/2012_03_19_Fringilla_coelebs_Collinistr_07Uhr40.mp3,Fringilla coelebs,57 s,bitrate: 128000 bps, audio sampling rate: 44100 Hz, number of channels: 2
https://www.xeno-canto.org/sounds/uploaded/UZPPJBQXCQ/A%20Buchfink%20C.mp3,Fringilla coelebs,50 s,bitrate: 128000 bps, audio sampling rate: 44100 Hz, number of channels: 2
https://www.xeno-canto.org/sounds/uploaded/PNYKOPBQBQ/FCOE12h39m28s06apr2010.mp3,Fringilla coelebs,14 s,bitrate: 192000 bps, audio sampling rate: 44100 Hz, number of channels: 2
https://www.xeno-canto.org/sounds/uploaded/HBPYQXTJEV/2012_03_05_Fringilla_coelebs_Collinist_07Uhr50.mp3,Fringilla coelebs,84 s,bitrate: 128000 bps, audio sampling rate: 44100 Hz, number of channels: 2
https://www.xeno-canto.org/sounds/uploaded/HBPYQXTJEV/2012_03_02_Fringilla_coelebs_Collinist_07Uhr30.mp3,Fringilla coelebs,52 s,bitrate: 128000 bps, audio sampling rate: 44100 Hz, number of channels: 2
https://www.xeno-canto.org/sounds/uploaded/HBPYQXTJEV/2012_03_02_Fringilla_coelebs_Collinist_07Uhr15.mp3,Fringilla coelebs,173 s,bitrate: 128000 bps, audio sampling rate: 44100 Hz, number of channels: 2
https://www.xeno-canto.org/sounds/uploaded/HBPYQXTJEV/2012_02_29_Fringilla_coelebs_Collinist_07Uhr50.mp3,Fringilla coelebs,52 s,bitrate: 128000 bps, audio sampling rate: 44100 Hz, number of channels: 2
https://www.xeno-canto.org/sounds/uploaded/HBPYQXTJEV/2012_02_29_Fringilla_coelebs_Collinist_07Uhr35.mp3,Fringilla coelebs,180 s,bitrate: 128000 bps, audio sampling rate: 44100 Hz, number of channels: 2
https://www.xeno-canto.org/sounds/uploaded/HBPYQXTJEV/2012_02_12_Fringilla_coelebs_Collinist_07Uhr40.mp3,Fringilla coelebs,17 s,bitrate: 128000 bps, audio sampling rate: 44100 Hz, number of channels: 2
https://www.xeno-canto.org/sounds/uploaded/HBPYQXTJEV/2012_02_11_Fringilla_coelebs_Collinist_09Uhr00.mp3,Fringilla coelebs,28 s,bitrate: 128000 bps, audio sampling rate: 44100 Hz, number of channels: 2
https://www.xeno-canto.org/sounds/uploaded/HBPYQXTJEV/2012_02_10_Fringilla_coelebs_Collinist_07Uhr30.mp3,Fringilla coelebs,77 s,bitrate: 128000 bps, audio sampling rate: 44100 Hz, number of channels: 2
https://www.xeno-canto.org/sounds/uploaded/SEIQHUBHAF/Chaffinch.mp3,Fringilla coelebs,20 s,bitrate: 128000 bps, audio sampling rate: 48000 Hz, number of channels: 2
https://www.xeno-canto.org/sounds/uploaded/PNYKOPBQBQ/FCOE07h25m41s26feb2012%20%282%29.mp3,Fringilla coelebs,22 s,bitrate: 128000 bps, audio sampling rate: 48000 Hz, number of channels: 2
https://www.xeno-canto.org/sounds/uploaded/EUHNGQTHJS/Chaffinch-110424-020.mp3,Fringilla coelebs,16 s,bitrate: 128000 bps, audio sampling rate: 44100 Hz, number of channels: 2
https://www.xeno-canto.org/sounds/uploaded/EUHNGQTHJS/Chaffinch-110424-019.mp3,Fringilla coelebs,32 s,bitrate: 128000 bps, audio sampling rate: 44100 Hz, number of channels: 2
https://www.xeno-canto.org/sounds/uploaded/EUHNGQTHJS/Chaffinch-110222-000.mp3,Fringilla coelebs,3 s,bitrate: 128000 bps, audio sampling rate: 44100 Hz, number of channels: 2
https://www.xeno-canto.org/sounds/uploaded/EUHNGQTHJS/Chaffinch-110222-010.mp3,Fringilla coelebs,48 s,bitrate: 128000 bps, audio sampling rate: 44100 Hz, number of channels: 2
https://www.xeno-canto.org/sounds/uploaded/YTUXOCTUEM/Chaffinch-FL%20calls_song%20Ninfield%20ESussex%2010Feb12%20LS110136.mp3,Fringilla coelebs,188 s,bitrate: 64000 bps, audio sampling rate: 48000 Hz, number of channels: 1
https://www.xeno-canto.org/sounds/uploaded/YTUXOCTUEM/Chaffinch-FL%20X%20calls%20Selsey%20Sussex%201Feb12%20LS110032.mp3,Fringilla coelebs,27 s,bitrate: 128000 bps, audio sampling rate: 48000 Hz, number of channels: 2
https://www.xeno-canto.org/sounds/uploaded/AXTFCLIYDF/496%20mp3.mp3,Fringilla coelebs,157 s,bitrate: 128000 bps, audio sampling rate: 48000 Hz, number of channels: 2
https://www.xeno-canto.org/sounds/uploaded/WMQCDQHXRZ/Fringilla%20coelebs.mp3,Fringilla coelebs,7 s,bitrate: 320000 bps, audio sampling rate: 44100 Hz, number of channels: 1
https://www.xeno-canto.org/sounds/uploaded/KLADBSYAFL/183%20Fringilla%20coelebs%2C%20Chartreuse%2C%2017-06-09.%20mp3.mp3,Fringilla coelebs,54 s,bitrate: 128000 bps, audio sampling rate: 44100 Hz, number of channels: 2
https://www.xeno-canto.org/sounds/uploaded/KLADBSYAFL/182%20Fringilla%20coelebs%2C%20Aggtelek%20%28Hungary%29%2C%2014-05-10.%20mp3.mp3,Fringilla coelebs,21 s,bitrate: 128000 bps, audio sampling rate: 44100 Hz, number of channels: 2
https://www.xeno-canto.org/sounds/uploaded/KLADBSYAFL/181%20Fringilla%20coelebs%2C%20Moirans%2C%20Vernes%20pond%20%28France%29%2008-04-00.%20mp3%208h.mp3,Fringilla coelebs,48 s,bitrate: 128000 bps, audio sampling rate: 44100 Hz, number of channels: 2
https://www.xeno-canto.org/sounds/uploaded/PNYKOPBQBQ/FCOE14h32m02s23may2011%20%2821%29.mp3,Fringilla coelebs,127 s,bitrate: 82489 bps, audio sampling rate: 48000 Hz, number of channels: 2
https://www.xeno-canto.org/sounds/uploaded/OH38YHKJBS/Vink_OostvoornsDuin_01052011_1215.mp3,Fringilla coelebs,58 s,bitrate: 128000 bps, audio sampling rate: 44100 Hz, number of channels: 2
https://www.xeno-canto.org/sounds/uploaded/BPSDQEOJWG/Bofink-song-Tivedens-NP-2011-04-24-kl.08.37-00.49.mp3,Fringilla coelebs,49 s,bitrate: 320000 bps, audio sampling rate: 44100 Hz, number of channels: 2
https://www.xeno-canto.org/sounds/uploaded/RKAYEOOLQW/100411_08_Chaffinch_Vange-Ostfora_0.48-1.18.mp3,Fringilla coelebs,28 s,bitrate: 192000 bps, audio sampling rate: 44100 Hz, number of channels: 2
https://www.xeno-canto.org/sounds/uploaded/ILUHRFXDNU/fringillacoelebsmale.mp3,Fringilla coelebs,10 s,bitrate: 160000 bps, audio sampling rate: 44100 Hz, number of channels: 2
https://www.xeno-canto.org/sounds/uploaded/ILUHRFXDNU/Fringilla%20coelebs%20femelle.mp3,Fringilla coelebs,20 s,bitrate: 160000 bps, audio sampling rate: 44100 Hz, number of channels: 2
https://www.xeno-canto.org/sounds/uploaded/RKAYEOOLQW/110702_13a_Chaffinch_Jarlasa.mp3,Fringilla coelebs,16 s,bitrate: 128000 bps, audio sampling rate: 44100 Hz, number of channels: 2
https://www.xeno-canto.org/sounds/uploaded/RKAYEOOLQW/110702_12_Chaffinch_Jarlasa_short.mp3,Fringilla coelebs,60 s,bitrate: 128000 bps, audio sampling rate: 44100 Hz, number of channels: 2
https://www.xeno-canto.org/sounds/uploaded/RKAYEOOLQW/110628_04b_Chaffinch_Edebo.mp3,Fringilla coelebs,4 s,bitrate: 128000 bps, audio sampling rate: 44100 Hz, number of channels: 2
https://www.xeno-canto.org/sounds/uploaded/UZPPJBQXCQ/A%20Frinco%20XI.mp3,Fringilla coelebs,43 s,bitrate: 128000 bps, audio sampling rate: 44100 Hz, number of channels: 2
https://www.xeno-canto.org/sounds/uploaded/UZPPJBQXCQ/A%20Frinco%20X.mp3,Fringilla coelebs,29 s,bitrate: 128000 bps, audio sampling rate: 44100 Hz, number of channels: 2
https://www.xeno-canto.org/sounds/uploaded/UZPPJBQXCQ/A%20Frinco.mp3,Fringilla coelebs,77 s,bitrate: 128000 bps, audio sampling rate: 44100 Hz, number of channels: 2
